TCCCGATCAAGCCATT-1	SA609
TCTATTGAGTAACCCT-1	SA609
GTTCATTAGGTGTTAA-1	SA609
ATCACGACAGCTGCTG-1	SA609
ACCCACTTCTTGACGA-1	SA609
GCGCAGTGTCGATTGT-1	SA609
CGATTGATCGGTGTCG-1	SA609
CGTGTAAGTTAGATGA-1	SA609
CGTTCTGGTTACGGAG-1	SA609
CCTCAGTAGGGTCGAT-1	SA609
CAAGGCCCATCCAACA-1	SA609
TGCGGGTGTCAGAGGT-1	SA609
GACGTGCAGCTGTCTA-1	SA609
TTAGGACCATGTAGTC-1	SA609
CCTACACCACCCATGG-1	SA609
CGATCGGCAGGTCGTC-1	SA609
CCCAGTTCAAGTAGTA-1	SA609
ACTTTCATCACAACGT-1	SA609
CCTACCACATGGTTGT-1	SA609
GGCTCGATCTCAAACG-1	SA609
CTCGAAAGTCTAGCCG-1	SA609
TTTCCTCCATTATCTC-1	SA609
GGTGCGTAGATATACG-1	SA609
TGACGGCCAATTCCTT-1	SA609
CTGAAGTCAACTGGCC-1	SA609
GAGTCCGCACGGTAAG-1	SA609
GCATGCGAGAGACTTA-1	SA609
ACGAGCCCAAGCCGCT-1	SA609
GACGCGTCACAGGAGT-1	SA609
TGCGCAGGTCCATCCT-1	SA609
ATCGAGTAGCTCTCGG-1	SA609
GCTGGGTAGTTGAGTA-1	SA609
AGATCTGAGCTACCGC-1	SA609
CGCTGGAGTGGCGAAT-1	SA609
TGAGCATTCTTGGGTA-1	SA609
TCTGAGATCGATCCCT-1	SA609
GCCAAATAGCTAACTC-1	SA609
CATTCGCCAGATAATG-1	SA609
GCTCTGTAGTGCTGCC-1	SA609
CCTCTGAAGGAGTTGC-1	SA609
ACTGAACGTCTAGAGG-1	SA609
CGTGAGCGTCCGCTGA-1	SA609
ACAGCTAAGACTCGGA-1	SA609
ACGAGGACATAGTAAG-1	SA609
CTACCCACAGGCTCAC-1	SA609
TGCCCTAAGTATCTCG-1	SA609
GTATCTTGTACTTAGC-1	SA609
ATGGGAGCACCCTATC-1	SA609
GACCAATAGCTGGAAC-1	SA609
ACACCCTTCGACCAGC-1	SA609
CACATAGAGGACAGAA-1	SA609
ACACTGAAGTGAATTG-1	SA609
ACTATCTCAAGCTGAG-1	SA609
ACGGGTCAGAACTGTA-1	SA609
CTGTTTACATCTGGTA-1	SA609
AACCATGCAGGGTTAG-1	SA609
TCGCGTTCAAAGGTGC-1	SA609
GTCACAATCTCCGGTT-1	SA609
ACTGAGTGTTAAAGTG-1	SA609
TGACTTTCATCACGAT-1	SA609
TTCTCCTGTCTGCGGT-1	SA609
TTCGAAGGTCTTGCGG-1	SA609
TCGTAGAAGAGACTTA-1	SA609
TGCGGGTAGCCCAACC-1	SA609
CGGACTGCATCGGGTC-1	SA609
CACTCCACATACCATG-1	SA609
AGATCTGAGGGCATGT-1	SA609
TTTGTCAAGCCAGTTT-1	SA609
GGGACCTTCCACGAAT-1	SA609
GTAACGTCACAGCCCA-1	SA609
AGTTGGTTCGACAGCC-1	SA609
AAAGATGAGTATGACA-1	SA609
GTATCTTAGGCACATG-1	SA609
GGGAGATCATGGTCAT-1	SA609
GGAACTTCAAGGACAC-1	SA609
CAGAATCAGAGAGCTC-1	SA609
TCCACACAGTGTCCAT-1	SA609
CTAGCCTCAATGAAAC-1	SA609
CGATCGGAGGTCATCT-1	SA609
CCTAAAGGTTATCCGA-1	SA609
TGAGCATAGATGGGTC-1	SA609
TACTTGTAGCGTGTCC-1	SA609
CTGAAACTCTCCAACC-1	SA609
CAAGTTGGTCTAGGTT-1	SA609
GTCTTCGTCACATGCA-1	SA609
CGATGTAGTTCGTCTC-1	SA609
CGAATGTAGTGGGTTG-1	SA609
CTTACCGTCTTGTCAT-1	SA609
GGACAAGGTCGGATCC-1	SA609
CTTACCGCAGCATACT-1	SA609
AGTAGTCAGAGTCGGT-1	SA609
GTAGTCATCTACTATC-1	SA609
GGAAAGCAGTGTACTC-1	SA609
GCTCTGTTCAAAGTAG-1	SA609
CGAGCCACATGCTGGC-1	SA609
ACAGCCGTCGCCATAA-1	SA609
CCTTTCTCAAAGTGCG-1	SA609
CTCGAGGCAGTGGGAT-1	SA609
TACAGTGCAAAGAATC-1	SA609
ATTATCCTCAGTTGAC-1	SA609
TATCAGGAGCTAAGAT-1	SA609
TTAGTTCCAGTTCATG-1	SA609
AATCGGTCACGAAACG-1	SA609
TAAGAGAAGTGTGGCA-1	SA609
CACAAACTCGTGGTCG-1	SA609
GGATTACCATGGTCTA-1	SA609
CCAGCGAGTATGAATG-1	SA609
TACCTATAGTATCTCG-1	SA609
CATATTCTCCATGCTC-1	SA609
CCGGTAGTCTATCCCG-1	SA609
ATTGGACCACGCCAGT-1	SA609
GGAATAACATCCAACA-1	SA609
AGGTCATTCTCTGCTG-1	SA609
GGCGACTAGCGTCTAT-1	SA609
ACACCGGTCTTACCGC-1	SA609
TGGTTCCGTCATATGC-1	SA609
GACGTTAAGTCCAGGA-1	SA609
GTGGGTCGTTAGATGA-1	SA609
GTGCTTCTCAGCTGGC-1	SA609
TCGCGAGGTTATGTGC-1	SA609
CCTAGCTGTGCCTTGG-1	SA609
ACTGATGTCTAAGCCA-1	SA609
GGACGTCAGTGAACGC-1	SA609
CGTTAGAAGATCGGGT-1	SA609
GCATGATCAAACCTAC-1	SA609
CTCAGAATCCTAAGTG-1	SA609
CCGTACTCACGTTGGC-1	SA609
GTAACTGGTGGTGTAG-1	SA609
CCGTACTCATGTAGTC-1	SA609
ACACCCTCACATCCGG-1	SA609
TCGTACCGTTGCTCCT-1	SA609
GCACATAAGCACGCCT-1	SA609
GAATGAATCCGCTGTT-1	SA609
ATGGGAGGTGGACGAT-1	SA609
GCTTCCATCTATCCCG-1	SA609
TTCCCAGAGTGTGGCA-1	SA609
GTTTCTAAGTAACCCT-1	SA609
GCATGCGTCATCACCC-1	SA609
CACAAACCAGATAATG-1	SA609
GACGTGCGTAGGGACT-1	SA609
TCTTCGGAGTGTCCCG-1	SA609
TTCCCAGCATCCTTGC-1	SA609
GCCTCTAAGCCAGTAG-1	SA609
ACTTTCACACCATCCT-1	SA609
TCGTAGAGTTATGTGC-1	SA609
TTTGTCAAGCCCAACC-1	SA609
GCTGCAGTCGCCATAA-1	SA609
CATGACAAGGCCCTCA-1	SA609
TGAGAGGGTTGCCTCT-1	SA609
GTTACAGTCGCGATCG-1	SA609
ATCCGAAGTCGACTGC-1	SA609
GTCAAGTTCTTAACCT-1	SA609
GAAATGATCATCTGTT-1	SA609
TGGCGCAAGTGGAGAA-1	SA609
CTAGAGTCAGTTAACC-1	SA609
TGCGGGTAGATGTCGG-1	SA609
CACACTCTCCAAAGTC-1	SA609
TGCTGCTTCTGATTCT-1	SA609
CACAGGCGTGGGTATG-1	SA609
CTGAAGTTCTAACGGT-1	SA609
CAAGTTGTCAAGATCC-1	SA609
CTAACTTAGATCTGAA-1	SA609
GCGAGAATCCCAGGTG-1	SA609
TCATTACGTCGAGATG-1	SA609
ATCACGACATCCTAGA-1	SA609
TCAGGATAGTTGTAGA-1	SA609
GAAGCAGCACCATCCT-1	SA609
GTAACTGGTGTCTGAT-1	SA609
GGACGTCGTAAGAGAG-1	SA609
TGACGGCTCAACACGT-1	SA609
AGGTCATCAATGTAAG-1	SA609
GTTTCTAGTGTGCCTG-1	SA609
GGCGACTGTCTAAACC-1	SA609
CGCGGTAGTTATCGGT-1	SA609
GGGAGATCAGGTCGTC-1	SA609
TACGGGCTCCTGCTTG-1	SA609
TTCGGTCAGACGCACA-1	SA609
GTTCGGGAGATTACCC-1	SA609
AGGGATGCACTGCCAG-1	SA609
CAGTCCTGTATCTGCA-1	SA609
CGAACATAGAGAGCTC-1	SA609
CCACGGACATACCATG-1	SA609
GAACGGAGTCCTAGCG-1	SA609
TACAGTGAGACGACGT-1	SA609
CTACCCAAGCAATCTC-1	SA609
ACCAGTAAGCCAGTAG-1	SA609
AGCGGTCTCATGTCCC-1	SA609
ATTGGTGCAGATCGGA-1	SA609
TGTTCCGGTTGCTCCT-1	SA609
CTAGCCTCAGCCTATA-1	SA609
TAAACCGAGGGAACGG-1	SA609
GCTTCCAAGACAGGCT-1	SA609
CAGCATACATAACCTG-1	SA609
GAACGGAGTAGCAAAT-1	SA609
ATCTGCCAGAGTCTGG-1	SA609
CAGCGACGTGGTTTCA-1	SA609
CTCGTCAGTCCATCCT-1	SA609
TTGAACGTCGATAGAA-1	SA609
CTCATTATCTTGTTTG-1	SA609
ACACTGATCTCGTTTA-1	SA609
TCTATTGTCAGATAAG-1	SA609
TCGTAGAAGGATGGTC-1	SA609
ATTGGACAGAAACCTA-1	SA609
AGACGTTAGAGGGATA-1	SA609
ACGGGTCCAGGTGGAT-1	SA609
ACGGGCTAGAGTGACC-1	SA609
TGGGAAGCAAGAAAGG-1	SA609
TATGCCCTCCTTGACC-1	SA609
TAAGAGAGTCTAAAGA-1	SA609
ATTGGACAGGATGTAT-1	SA609
GCTTGAAAGGACAGCT-1	SA609
ACTTACTGTTATCGGT-1	SA609
TTTCCTCGTGAAGGCT-1	SA609
ATCATGGCAATACGCT-1	SA609
CCGGTAGGTTCAGCGC-1	SA609
CCCAGTTGTCAAACTC-1	SA609
GCATACACACAGAGGT-1	SA609
GATCGATAGCCACGCT-1	SA609
CTTGGCTAGGTGACCA-1	SA609
CTGAAACGTCAGAATA-1	SA609
CGAACATCAAACAACA-1	SA609
GTGTGCGCAATCTGCA-1	SA609
TACAGTGCATGCAACT-1	SA609
GATCGCGGTGCGAAAC-1	SA609
TGCCCATTCAGTTGAC-1	SA609
TTCTACAGTGTGCCTG-1	SA609
CTCGTCACAGCGATCC-1	SA609
AAGTCTGAGTGATCGG-1	SA609
CAACTAGTCAATAAGG-1	SA609
CGAACATAGATCTGAA-1	SA609
CGTCTACTCCAGAAGG-1	SA609
TTAGGACCATGTAAGA-1	SA609
TGATTTCAGCCGTCGT-1	SA609
GATCGTATCGTACGGC-1	SA609
TTTGTCAGTTAGGGTG-1	SA609
CATCGGGGTTTGGCGC-1	SA609
CAGAATCAGTCGTACT-1	SA609
GGACGTCGTTGGGACA-1	SA609
CCGTACTGTGCCTGGT-1	SA609
TCGGTAAGTCAAAGCG-1	SA609
CACAGGCGTAATCACC-1	SA609
CTTAACTAGACTAAGT-1	SA609
CGTCAGGGTGATGTGG-1	SA609
ACTTTCATCATCTGCC-1	SA609
CTCTAATTCCCATTTA-1	SA609
TTAGGCAAGCGATCCC-1	SA609
AGATTGCCAGTGAGTG-1	SA609
CGCTGGACATTAGCCA-1	SA609
GGTGAAGTCGCGTTTC-1	SA609
GGATTACTCTAACTTC-1	SA609
CGCGTTTCAGGCTGAA-1	SA609
GTGTGCGCATGCTAGT-1	SA609
GATGAGGTCGTACGGC-1	SA609
GACGCGTAGGACAGAA-1	SA609
CTCGTACAGCTCAACT-1	SA609
GTGTTAGTCCAAATGC-1	SA609
CTGCGGAGTGTCCTCT-1	SA609
CACAGGCCAGGTCGTC-1	SA609
CGTGTCTCAGCTGTTA-1	SA609
TCGCGAGAGACAAAGG-1	SA609
TGACAACCACACAGAG-1	SA609
GTAGTCAAGTGGGATC-1	SA609
GTCAAGTAGCAATATG-1	SA609
TTCTTAGCAATAGCAA-1	SA609
TGAGCCGGTGCGGTAA-1	SA609
TCTCATACACATCCAA-1	SA609
TTGAACGAGACTCGGA-1	SA609
CTAGTGAGTAGGCATG-1	SA609
TCTCATAGTTTGTTGG-1	SA609
CAGCGACCAATCGGTT-1	SA609
TGCTGCTAGTCCATAC-1	SA609
TTTACTGTCGCATGAT-1	SA609
CTAGCCTTCGCCTGAG-1	SA609
CAGCTAATCTGTTTGT-1	SA609
CGTGAGCGTACATCCA-1	SA609
CTACATTTCTACCTGC-1	SA609
GCAATCACACGTGAGA-1	SA609
ACTATCTAGATGGGTC-1	SA609
CGTGTAAAGTTATCGC-1	SA609
GCGACCAAGGATGTAT-1	SA609
GATCTAGAGTGCAAGC-1	SA609
ACTATCTGTCATATGC-1	SA609
CATCAGATCTCCGGTT-1	SA609
ATTATCCCACATGACT-1	SA609
GCGCAACTCAATCACG-1	SA609
CGTGTCTGTTCCACGG-1	SA609
TGCTACCTCAGCTTAG-1	SA609
TTCGGTCAGGTCATCT-1	SA609
CCTTACGAGAGGGATA-1	SA609
AACTTTCTCACCCTCA-1	SA609
CATCGAAGTTATGCGT-1	SA609
TACTCATGTCGGCTCA-1	SA609
CCTAGCTAGAAGGTTT-1	SA609
AACTTTCAGTTTAGGA-1	SA609
CGATCGGTCTCGAGTA-1	SA609
TCAGCAACAAACTGTC-1	SA609
TAGTGGTTCACATAGC-1	SA609
GTCGTAATCGATGAGG-1	SA609
TGCTACCGTACTCGCG-1	SA609
CTCGAAATCCGTAGTA-1	SA609
CACAAACCAGGGTTAG-1	SA609
TTCTTAGTCGATGAGG-1	SA609
TGTCCCATCTGCTGCT-1	SA609
TCATTACCAGTTCATG-1	SA609
CCGTACTTCCGATATG-1	SA609
GGACGTCGTAGAGGAA-1	SA609
TCAGGTAGTTGTACAC-1	SA609
GATTCAGCACAGAGGT-1	SA609
CTGCGGATCCTTGGTC-1	SA609
CTCAGAAGTGACGGTA-1	SA609
ACGCAGCTCTCTAAGG-1	SA609
GTCGGGTCAATCTGCA-1	SA609
GGGTCTGGTAGATTAG-1	SA609
ATTGGTGCACGGACAA-1	SA609
TGCTGCTGTCTTCTCG-1	SA609
TCATTTGAGTTTAGGA-1	SA609
AGGGATGTCACCGGGT-1	SA609
TTGGAACTCACAATGC-1	SA609
AACACGTAGCGTGAGT-1	SA609
GGACATTCAGAGTGTG-1	SA609
CGATTGACAGTCCTTC-1	SA609
TGCCCTAAGTTACCCA-1	SA609
AAGCCGCTCACTCCTG-1	SA609
AAAGATGTCCAAGTAC-1	SA609
ACATCAGAGTACACCT-1	SA609
CTCTGGTTCATGTCTT-1	SA609
TGCTGCTTCTCTAAGG-1	SA609
ATCACGAAGGCATGGT-1	SA609
CTGATAGTCTTTACGT-1	SA609
CCACTACCATGCTAGT-1	SA609
GACCAATTCAGTGCAT-1	SA609
ACCTTTAGTAGGGTAC-1	SA609
TCAGCAAAGGTTACCT-1	SA609
TCAGGTAAGAGAACAG-1	SA609
CGCCAAGAGGCATGGT-1	SA609
TAGGCATCATGTCCTC-1	SA609
ACGGCCAAGGCTCAGA-1	SA609
AGTGGGAAGATGTGTA-1	SA609
GCTGCGAGTTTAGGAA-1	SA609
GCATACAGTTTGTTGG-1	SA609
TGTCCCATCAGTGTTG-1	SA609
CTCACACGTTCCGTCT-1	SA609
CGATGTAGTCGCATCG-1	SA609
CTAGAGTCAAGGCTCC-1	SA609
AAACGGGGTTGACGTT-1	SA609
ACATACGCACAAGTAA-1	SA609
TCATTTGAGAGTTGGC-1	SA609
CGTCAGGCACAGCGTC-1	SA609
GCGCGATAGCAATCTC-1	SA609
TTTCCTCAGTCCTCCT-1	SA609
AAGGCAGTCCAGAAGG-1	SA609
AAACGGGAGAGGTTAT-1	SA609
ATTGGTGCAGACAGGT-1	SA609
ACGGCCACAATGGATA-1	SA609
TAGTTGGCATCACGAT-1	SA609
CGAGAAGCAACCGCCA-1	SA609
TACTCGCCACGGCCAT-1	SA609
GACCTGGGTCTAGAGG-1	SA609
GCTTGAATCATTATCC-1	SA609
CTAAGACGTAGCGTAG-1	SA609
GCAATCAGTTGGTAAA-1	SA609
TGAGAGGCACTCGACG-1	SA609
GATTCAGTCTTTACGT-1	SA609
CGTCTACTCTGCCCTA-1	SA609
CAAGGCCGTGTTTGGT-1	SA609
CCGTGGAAGTGGAGTC-1	SA609
CGATTGATCGTTACGA-1	SA609
AGGGAGTCAAAGCGGT-1	SA609
CATCAGAGTTATCCGA-1	SA609
GGACATTAGATGGCGT-1	SA609
GACCAATTCCAGGGCT-1	SA609
TGTTCCGTCAGAAATG-1	SA609
CAACTAGCAAAGCGGT-1	SA609
CCTTACGGTAGTAGTA-1	SA609
CGTTAGAAGTGCCAGA-1	SA609
CATGGCGGTCGTCTTC-1	SA609
GACTACATCTTGGGTA-1	SA609
GCTGCGAAGTCCCACG-1	SA609
CTAGAGTGTATGAAAC-1	SA609
TTTGGTTAGCCACGCT-1	SA609
GGGAGATAGTTCGATC-1	SA609
GACGTGCTCTTGTTTG-1	SA609
CAGCGACGTAGCGATG-1	SA609
CTCGTCACACTTCGAA-1	SA609
TTTGTCAGTCTCCCTA-1	SA609
CGGCTAGTCTGTGCAA-1	SA609
ACGGGTCAGTAACCCT-1	SA609
ACGCAGCGTTCCACAA-1	SA609
AAAGTAGTCAGCTCTC-1	SA609
TGCTACCTCACCACCT-1	SA609
GTAACTGCATGGTCAT-1	SA609
CTAGAGTGTAGCCTAT-1	SA609
GATTCAGGTGTGCCTG-1	SA609
GGTATTGGTGCCTTGG-1	SA609
GATCGCGAGCGTGAAC-1	SA609
AGATCTGGTCAGATAA-1	SA609
ATCCGAACACGCATCG-1	SA609
GACGTTACAAGGTTCT-1	SA609
TTTGGTTGTCGGCACT-1	SA609
GTACTCCAGCCAACAG-1	SA609
AGCAGCCGTTCACGGC-1	SA609
CTCGGAGGTCTTCTCG-1	SA609
CAAGTTGGTCGTCTTC-1	SA609
CGGTTAACAAGCCGCT-1	SA609
ACTGAGTAGACTAAGT-1	SA609
GTTCGGGCAGGTCCAC-1	SA609
CTGAAACCAATACGCT-1	SA609
CTCGTACGTACTCTCC-1	SA609
GTAACTGGTACGAAAT-1	SA609
CGAGCCACAGCTCGAC-1	SA609
ACTGAGTTCCTGCTTG-1	SA609
GCTCCTACACTGTTAG-1	SA609
GAGCAGATCAGTGTTG-1	SA609
AAGTCTGGTAACGTTC-1	SA609
GAACCTATCGTACCGG-1	SA609
TCGGGACGTCAAACTC-1	SA609
ATTACTCCAGTACACT-1	SA609
TTGGCAAGTTACTGAC-1	SA609
CTAGCCTTCAACCATG-1	SA609
GTCAAGTCACTGCCAG-1	SA609
TGGCGCACATCGGTTA-1	SA609
ACACCAACAAGAAAGG-1	SA609
AGCGTCGAGTACGCCC-1	SA609
GGGTCTGAGCGCTTAT-1	SA609
CATGACAGTTTGTTGG-1	SA609
CAAGTTGCACCTCGTT-1	SA609
GCGAGAACATAGTAAG-1	SA609
AACGTTGAGTGGACGT-1	SA609
CTTACCGCACGGCTAC-1	SA609
ACCCACTTCACCATAG-1	SA609
ACTATCTTCTGTTTGT-1	SA609
GTTCGGGCATAACCTG-1	SA609
ACCCACTCAAACAACA-1	SA609
GTCTTCGAGCACCGTC-1	SA609
GACTACACACCTGGTG-1	SA609
CAGGTGCAGGCCCTTG-1	SA609
GTAGGCCTCTTAACCT-1	SA609
CTGAAACGTCGCCATG-1	SA609
CTACGTCAGCTGATAA-1	SA609
CTCGGGACAGATGGGT-1	SA609
GAACGGAAGTGTACTC-1	SA609
TGCACCTCAGCGTCCA-1	SA609
GACGGCTGTTGGTTTG-1	SA609
CCCAATCTCATGCAAC-1	SA609
CTCTGGTTCTATCCCG-1	SA609
CACACCTTCCATGAGT-1	SA609
GCATGATAGTACGCGA-1	SA609
CGTCACTCAGGATCGA-1	SA609
CAGAATCCAAGCTGTT-1	SA609
CCGTGGAGTATCAGTC-1	SA609
CTGATCCTCGTCCGTT-1	SA609
ACGGAGAAGACAATAC-1	SA609
CAACTAGAGATCGATA-1	SA609
TCTGGAATCTGCGGCA-1	SA609
GTGTGCGCAACAACCT-1	SA609
CTAGTGAGTAGCAAAT-1	SA609
GTGTTAGAGTTATCGC-1	SA609
GTCAAGTAGAAACCTA-1	SA609
TCTCTAACATACCATG-1	SA609
CTTCTCTCATAGGATA-1	SA609
TGATTTCTCCGCAAGC-1	SA609
AGGCCACCACTACAGT-1	SA609
AAGCCGCTCTCGCATC-1	SA609
AGATCTGTCATGCTCC-1	SA609
CTCATTAAGTTTCCTT-1	SA609
TAAGCGTAGATACACA-1	SA609
ATTGGACCAGTTCCCT-1	SA609
AGGCCGTCACAACTGT-1	SA609
ACGCAGCTCATTGCCC-1	SA609
GGCCGATAGAGCCTAG-1	SA609
AGCGGTCAGATATGGT-1	SA609
TACACGAAGATATGGT-1	SA609
CTTACCGCAAGAGTCG-1	SA609
CTGATCCTCTTTACAC-1	SA609
ACGAGGACATGCATGT-1	SA609
TGGCGCAGTCGACTGC-1	SA609
AACTTTCGTGCCTGGT-1	SA609
CTTGGCTTCGTTACGA-1	SA609
TACAGTGCACATCTTT-1	SA609
ATGAGGGTCTTGCATT-1	SA609
GCGCAACGTGATAAGT-1	SA609
AGCGTCGAGGTGACCA-1	SA609
AGTGAGGTCTGTGCAA-1	SA609
CACATTTGTTTGTTGG-1	SA609
GCGACCATCGCGATCG-1	SA609
TAAACCGTCCGCAGTG-1	SA609
TGGACGCTCCATGCTC-1	SA609
CATGACAAGGCGCTCT-1	SA609
TCAATCTCACAAGCCC-1	SA609
CCTTCCCAGCTTATCG-1	SA609
CATTCGCAGAGCTATA-1	SA609
CATCAAGCAATGTTGC-1	SA609
AGGCCGTTCTTGTTTG-1	SA609
CGTGTCTAGGTGGGTT-1	SA609
CTCAGAAAGCTAACTC-1	SA609
GCTCCTAGTACCCAAT-1	SA609
TTGCGTCTCAACACCA-1	SA609
ACCTTTAAGAGGTTAT-1	SA609
AACGTTGTCTACCTGC-1	SA609
CGTGAGCTCACAATGC-1	SA609
SRR1498997	GTEX
SRR1076441	GTEX
SRR1489803	GTEX
SRR1345953	GTEX
SRR1357826	GTEX
SRR1419656	GTEX
SRR1454158	GTEX
SRR1475408	GTEX
SRR1472704	GTEX
SRR1090046	GTEX
SRR1312822	GTEX
SRR1096987	GTEX
SRR1334587	GTEX
SRR1490246	GTEX
SRR1467522	GTEX
SRR1324206	GTEX
SRR1408574	GTEX
SRR1083959	GTEX
SRR1079948	GTEX
SRR1310667	GTEX
SRR655852	GTEX
SRR1352457	GTEX
SRR1353994	GTEX
SRR1459561	GTEX
SRR1454009	GTEX
SRR1071084	GTEX
SRR1082859	GTEX
SRR1086538	GTEX
SRR1486262	GTEX
SRR658105	GTEX
SRR811073	GTEX
SRR1429181	GTEX
SRR1327896	GTEX
SRR1464788	GTEX
SRR1346861	GTEX
SRR1318774	GTEX
SRR1420517	GTEX
SRR1369584	GTEX
SRR1443244	GTEX
SRR1455391	GTEX
SRR1068999	GTEX
SRR1481297	GTEX
SRR1070208	GTEX
SRR1317282	GTEX
SRR1096125	GTEX
SRR1472506	GTEX
SRR1388281	GTEX
SRR1365622	GTEX
SRR662306	GTEX
SRR662811	GTEX
SRR820571	GTEX
SRR1357166	GTEX
SRR1488586	GTEX
SRR1485398	GTEX
SRR1417725	GTEX
SRR1409397	GTEX
SRR1465693	GTEX
SRR1096547	GTEX
SRR1456818	GTEX
SRR816336	GTEX
SRR1420238	GTEX
SRR1433374	GTEX
SRR1436990	GTEX
SRR662378	GTEX
SRR1477671	GTEX
SRR1084079	GTEX
SRR1102949	GTEX
SRR1458090	GTEX
SRR1418729	GTEX
SRR1403814	GTEX
SRR1404887	GTEX
SRR1434955	GTEX
SRR1360652	GTEX
SRR1356765	GTEX
SRR1078258	GTEX
SRR1455861	GTEX
SRR1420296	GTEX
SRR1070260	GTEX
SRR1410765	GTEX
SRR1481315	GTEX
SRR1414661	GTEX
SRR1359147	GTEX
SRR1488694	GTEX
SRR1477273	GTEX
SRR1415792	GTEX
SRR1369088	GTEX
SRR1406621	GTEX
SRR1401017	GTEX
SRR1099981	GTEX
SRR815208	GTEX
SRR1380460	GTEX
SRR1091097	GTEX
SRR1456010	GTEX
SRR1498416	GTEX
SRR818873	GTEX
SRR813868	GTEX
SRR1394912	GTEX
SRR1475824	GTEX
SRR1459866	GTEX
SRR1364871	GTEX
SRR1100472	GTEX
SRR1331267	GTEX
SRR1068977	GTEX
SRR1391511	GTEX
SRR1077920	GTEX
SRR1457705	GTEX
SRR1437073	GTEX
SRR1473124	GTEX
SRR1469279	GTEX
SRR1091791	GTEX
SRR1341539	GTEX
SRR1446354	GTEX
SRR1415420	GTEX
SRR1368050	GTEX
SRR656970	GTEX
SRR1473403	GTEX
SRR1084674	GTEX
SRR1464702	GTEX
SRR1074860	GTEX
SRR655447	GTEX
SRR1404442	GTEX
SRR1418795	GTEX
SRR1458335	GTEX
SRR1489589	GTEX
SRR1378284	GTEX
SRR1408014	GTEX
SRR1083052	GTEX
SRR1339236	GTEX
SRR1323829	GTEX
SRR1086772	GTEX
SRR1486457	GTEX
SRR1415257	GTEX
SRR1071905	GTEX
SRR659223	GTEX
SRR1386945	GTEX
SRR821498	GTEX
SRR1378903	GTEX
SRR1472907	GTEX
SRR1442313	GTEX
SRR1077139	GTEX
SRR1342758	GTEX
SRR656911	GTEX
SRR1070738	GTEX
SRR1476950	GTEX
SRR1488196	GTEX
SRR1498951	GTEX
SRR1413392	GTEX
SRR657528	GTEX
SRR812198	GTEX
SRR660283	GTEX
SRR1420936	GTEX
SRR1469547	GTEX
SRR1322249	GTEX
SRR1396682	GTEX
SRR1095816	GTEX
SRR1081023	GTEX
SRR1092517	GTEX
SRR811285	GTEX
SRR657018	GTEX
SRR1365534	GTEX
SRR1090791	GTEX
SRR1439915	GTEX
SRR1391575	GTEX
SRR1314092	GTEX
SRR1328941	GTEX
SRR1336181	GTEX
SRR1362972	GTEX
SRR1366790	GTEX
SRR1455902	GTEX
SRR1437644	GTEX
SRR1105009	GTEX
SRR1367024	GTEX
SRR660248	GTEX
SRR1409620	GTEX
SRR1455807	GTEX
SRR1339431	GTEX
SRR1378948	GTEX
SRR1469237	GTEX
SRR1098264	GTEX
SRR1406224	GTEX
SRR1393026	GTEX
SRR808428	GTEX
SRR615910	GTEX
SRR1076219	GTEX
SRR1481128	GTEX
SRR1359262	GTEX
SRR1407648	GTEX
SRR1386775	GTEX
SRR1388399	GTEX
SRR1361499	GTEX
SRR1500709	GTEX
SRR1335917	GTEX
SRR1430615	GTEX
SRR1335212	GTEX
SRR1400159	GTEX
SRR1457245	GTEX
SRR1356746	GTEX
SRR658319	GTEX
SRR1435946	GTEX
SRR1370308	GTEX
SRR1100893	GTEX
SRR1389432	GTEX
SRR1381799	GTEX
SRR1310158	GTEX
SRR1341100	GTEX
SRR1342873	GTEX
SRR1472102	GTEX
SRR1409421	GTEX
SRR1328577	GTEX
SRR808942	GTEX
SRR1343818	GTEX
SRR1472415	GTEX
SRR658409	GTEX
SRR1469681	GTEX
SRR1075484	GTEX
SRR1417894	GTEX
SRR1417422	GTEX
SRR1090674	GTEX
